{
  "totalMarkers": 154,
  "markers": [
    35.98595,
    37.037,
    38.171467,
    39.155783,
    40.206833,
    41.157783,
    42.025317,
    43.226517,
    46.262883,
    47.464083,
    48.364983,
    49.516133,
    50.4504,
    51.584867,
    52.6526,
    53.70365,
    54.721333,
    57.874483,
    58.875483,
    59.926533,
    60.977583,
    62.045317,
    63.079683,
    64.130733,
    65.1651,
    66.182783,
    67.21715,
    68.301567,
    70.453717,
    71.438033,
    72.489083,
    73.506767,
    74.557817,
    75.542133,
    76.392983,
    77.644233,
    78.695283,
    79.22915,
    79.746333,
    80.797383,
    81.2812,
    81.865117,
    82.916167,
    85.552133,
    87.554133,
    89.155733,
    91.2912,
    92.1921,
    93.093,
    94.84475,
    95.411983,
    96.24615,
    97.4974,
    98.54845,
    99.616183,
    100.55045,
    101.417983,
    105.889117,
    106.9068,
    107.941167,
    110.05995,
    112.145367,
    113.146367,
    114.180733,
    115.281833,
    116.3162,
    118.401617,
    121.554767,
    122.589133,
    123.6235,
    124.657867,
    125.692233,
    126.743283,
    127.794333,
    130.246783,
    130.914117,
    131.948483,
    132.966167,
    133.867067,
    134.818017,
    136.136,
    137.137,
    139.455983,
    140.273467,
    141.424617,
    142.275467,
    143.176367,
    145.49535,
    146.513033,
    147.5474,
    148.665183,
    149.716233,
    150.517033,
    152.836017,
    153.887067,
    154.888067,
    156.118002,
    158.041217,
    160.076583,
    161.194367,
    162.228733,
    163.379883,
    164.330833,
    166.399567,
    167.41725,
    168.484983,
    169.552717,
    171.604767,
    172.639133,
    173.656817,
    174.741233,
    175.808967,
    176.8767,
    184.067217,
    185.201683,
    188.354833,
    189.3892,
    190.406883,
    191.507983,
    192.525667,
    193.426567,
    195.628767,
    198.715183,
    199.7996,
    200.8006,
    201.85165,
    202.936067,
    203.736867,
    204.988117,
    207.590717,
    208.074533,
    209.142267,
    210.243367,
    211.06085,
    212.16195,
    215.431883,
    216.482933,
    217.5173,
    218.6184,
    219.602717,
    220.47025,
    222.889333,
    224.307417,
    225.842283,
    226.910017,
    227.87765,
    228.962067,
    229.913017,
    231.08085,
    232.015117,
    233.166267,
    234.217317,
    235.251683,
    236.302733
  ],
  "iois": [
    0.48381599999999025,
    0.48381700000000194,
    0.5171830000000028,
    0.5338670000000008,
    0.5672330000000017,
    0.5839169999999996,
    0.667334000000011,
    0.8007999999999811,
    0.8008000000000095,
    0.8174829999999815,
    0.8174840000000074,
    0.8341669999999937,
    0.8508499999999799,
    0.8508499999999941,
    0.8675329999999803,
    0.8675330000000088,
    0.8675339999999991,
    0.9008999999999787,
    0.9008999999999929,
    0.9009,
    0.9009000000000071,
    0.9009000000000071,
    0.9009000000000071,
    0.9342669999999913,
    0.9342669999999984,
    0.9342670000000055,
    0.9509499999999989,
    0.950950000000006,
    0.950950000000006,
    0.950950000000006,
    0.967632999999978,
    0.9843159999999997,
    0.9843160000000069,
    0.9843160000000069,
    0.9843170000000043,
    1.0010000000000048,
    1.0010000000000048,
    1.0010000000000048,
    1.0010000000000048,
    1.0010000000000048,
    1.0176829999999981,
    1.0176830000000052,
    1.0176830000000052,
    1.0176830000000052,
    1.0176830000000052,
    1.0176830000000052,
    1.0176840000000027,
    1.0176840000000027,
    1.0176840000000027,
    1.0176840000000027,
    1.0343659999999772,
    1.0343660000000057,
    1.0343660000000057,
    1.0343660000000057,
    1.0343660000000057,
    1.0343660000000057,
    1.0343660000000057,
    1.0343660000000057,
    1.0343669999999747,
    1.034366999999989,
    1.034366999999989,
    1.034366999999989,
    1.034366999999989,
    1.0343670000000031,
    1.0343670000000031,
    1.0343670000000031,
    1.0343670000000031,
    1.0510499999999752,
    1.0510499999999752,
    1.0510499999999894,
    1.0510499999999894,
    1.0510499999999894,
    1.0510499999999965,
    1.0510499999999965,
    1.0510500000000036,
    1.0510500000000036,
    1.0510500000000036,
    1.0510500000000036,
    1.0510500000000036,
    1.0510500000000036,
    1.0510500000000036,
    1.0510500000000036,
    1.0510500000000036,
    1.0510500000000036,
    1.0510500000000036,
    1.0510500000000036,
    1.0510500000000036,
    1.067732999999997,
    1.067733000000004,
    1.067733000000004,
    1.067733000000004,
    1.0677339999999944,
    1.0677340000000015,
    1.0677340000000015,
    1.0677340000000015,
    1.0677340000000015,
    1.0844160000000045,
    1.084417000000002,
    1.084417000000002,
    1.084417000000002,
    1.084417000000002,
    1.1011000000000024,
    1.1011000000000024,
    1.1011000000000024,
    1.1011000000000024,
    1.1011000000000024,
    1.1177830000000029,
    1.1177840000000003,
    1.1344660000000033,
    1.1344670000000008,
    1.1344670000000008,
    1.1511500000000012,
    1.1511500000000012,
    1.1511500000000012,
    1.1511500000000012,
    1.1678330000000017,
    1.2012,
    1.2012,
    1.2299349999999833,
    1.2512499999999989,
    1.2512499999999989,
    1.2512499999999989,
    1.3179829999999981,
    1.4180839999999932,
    1.5348660000000223,
    1.6016000000000048,
    1.7517500000000013,
    1.923214999999999,
    2.0019999999999953,
    2.0353660000000104,
    2.0520500000000084,
    2.068733999999978,
    2.0854169999999925,
    2.0854170000000067,
    2.1187830000000076,
    2.1354670000000056,
    2.152149999999992,
    2.202200000000005,
    2.318983000000003,
    2.318983000000003,
    2.3189840000000004,
    2.4190830000000005,
    2.452449999999999,
    2.602600000000024,
    2.6359659999999963,
    3.036366000000001,
    3.0864159999999856,
    3.1531499999999966,
    3.1531499999999966,
    3.1531500000000108,
    3.269933000000009,
    4.471133999999992,
    7.190517
  ],
  "bucketHistogram": [
    [
      "1.06",
      29
    ],
    [
      "1.04",
      17
    ],
    [
      "1.02",
      10
    ],
    [
      "0.9",
      6
    ],
    [
      "1",
      5
    ],
    [
      "0.86",
      5
    ],
    [
      "0.96",
      5
    ],
    [
      "1.08",
      5
    ],
    [
      "1.1",
      5
    ],
    [
      "1.16",
      5
    ],
    [
      "0.98",
      4
    ],
    [
      "0.94",
      3
    ],
    [
      "1.14",
      3
    ],
    [
      "1.26",
      3
    ],
    [
      "2.32",
      3
    ],
    [
      "3.16",
      3
    ],
    [
      "0.48",
      2
    ],
    [
      "0.8",
      2
    ],
    [
      "0.82",
      2
    ],
    [
      "1.12",
      2
    ],
    [
      "1.2",
      2
    ],
    [
      "2.06",
      2
    ],
    [
      "2.08",
      2
    ],
    [
      "2",
      1
    ],
    [
      "0.52",
      1
    ],
    [
      "0.54",
      1
    ],
    [
      "0.56",
      1
    ],
    [
      "0.58",
      1
    ],
    [
      "0.66",
      1
    ],
    [
      "0.84",
      1
    ],
    [
      "1.22",
      1
    ],
    [
      "1.32",
      1
    ],
    [
      "1.42",
      1
    ],
    [
      "1.54",
      1
    ],
    [
      "1.6",
      1
    ],
    [
      "1.76",
      1
    ],
    [
      "1.92",
      1
    ],
    [
      "2.04",
      1
    ],
    [
      "2.12",
      1
    ],
    [
      "2.14",
      1
    ],
    [
      "2.16",
      1
    ],
    [
      "2.2",
      1
    ],
    [
      "2.42",
      1
    ],
    [
      "2.46",
      1
    ],
    [
      "2.6",
      1
    ],
    [
      "2.64",
      1
    ],
    [
      "3.04",
      1
    ],
    [
      "3.08",
      1
    ],
    [
      "3.26",
      1
    ],
    [
      "4.48",
      1
    ],
    [
      "7.2",
      1
    ]
  ]
}